"DESCRIPTION","DURATION IN MS","NAME","PARENT SUITE","START TIME","STATUS","STOP TIME","SUB SUITE","SUITE","TEST CLASS","TEST METHOD"
"","735","should fetch unitUsers from API and display them correctly","UnitUsers - CRUD Operations","2026-10-05","failed","2026-10-05","","Read UnitUsers","",""
"","745","should fetch subUnitUsers from API and display them correctly","SubUnitUsers - CRUD Operations","2026-10-05","failed","2026-10-05","","Read SubUnitUsers","",""
"","0","should reset filters for Audit Logs","","2026-10-05","skipped","2026-10-05","","Audit Logs Test Suite","",""
"","730","should update platform settings and verify success","","2026-10-05","broken","2026-10-05","","Platform Settings Update","",""
"","751","should fetch faqs from API and display them correctly","Faqs - CRUD Operations","2026-10-05","failed","2026-10-05","","Read Faqs","",""
"","790","should fetch documents from API and display them correctly","Documents - CRUD Operations","2026-10-05","failed","2026-10-05","","Read Documents","",""
"","749","should apply filters correctly for Audit Logs","","2026-10-05","broken","2026-10-05","","Audit Logs Test Suite","",""
"","761","should fetch designations from API and display them correctly","Designations - CRUD Operations","2026-10-05","failed","2026-10-05","","Read Designations","",""
"","750","should fill apply notes and verify reset failed","","2026-10-05","broken","2026-10-05","","User Settings Security - Reset Failed Validation","",""
"","793","should fetch partner agents from API and display them correctly","Partner Agents - CRUD Operations","2026-10-05","failed","2026-10-05","","Read Partner Agents","",""
"","749","should update user profile","","2026-10-05","broken","2026-10-05","","User Settings Profile","",""
"","1670","should fill contact form and send message","","2026-10-05","failed","2026-10-05","","Website Contact Form","",""
"","780","should fetch supervisorUsers from API and display them correctly","SupervisorUsers - CRUD Operations","2026-10-05","failed","2026-10-05","","Read SupervisorUsers","",""
"","452","should load legal page scroll and find privacy policy","","2026-10-05","broken","2026-10-05","","Website Legal Page","",""
"","698","should add or change new pin and save","","2026-10-05","broken","2026-10-05","","User Settings Pin Lock","",""
"","760","should fetch partners from API and display them correctly","Partners - CRUD Operations","2026-10-05","failed","2026-10-05","","Read Partners","",""
"","727","should load about page and scroll to bottom","","2026-10-05","broken","2026-10-05","","Website About Page","",""
"","1582","should fetch agreements from API and display them correctly","Agreements - CRUD Operations","2026-10-05","failed","2026-10-05","","Read Agreements","",""
"","746","should fetch branches from API and display them correctly","Branches - CRUD Operations","2026-10-05","failed","2026-10-05","","Read Branches","",""
"","736","should fetch schools from API and display them correctly","Schools - CRUD Operations","2026-10-05","failed","2026-10-05","","Read Schools","",""
"","743","should fetch hqUsers from API and display them correctly","HqUsers - CRUD Operations","2026-10-05","failed","2026-10-05","","Read HqUsers","",""
"","780","should apply filters correctly for Unit Commissions","Basic Reports Filters Test Suite","2026-10-05","failed","2026-10-05","","Unit Commissions Filters","",""
"","717","should update social links and verify_success","","2026-10-05","broken","2026-10-05","","Platform Settings - Social Links","",""
"","541","passes","","2026-10-05","failed","2026-10-05","","template spec","",""
"","855","should fetch blogs from API and display them correctly","Blogs - CRUD Operations","2026-10-05","failed","2026-10-05","","Read Blogs","",""
"","760","should apply filters correctly for Branch","Unit Filters Test Suite","2026-10-05","failed","2026-10-05","","Branch Filters","",""
